"Code","Name","Value","ValueTypeName"
AcceptApprovalWithoutComment,Accept approval without comment,"",Boolean
AccountCodeMask,Account code mask,{0},LongText
AccountEnrichmentServiceUrl,Account enrichment service url,"",LongText
AccountLastNumber,Current number of account,"",Integer
AccountTypeForOurCompany,Account type for creating users,"",Lookup
ActiveContactsWarningThreshold,"јктивные контакты - условие предупреждени€, %","",Integer
ActiveFileContentStorage,Active file content storage,"",Lookup
ActualizeAge,Enable updating contact ages,"",Boolean
AISupportEmailDef,Emails to connect AI support,"",MediumText
AllowedTimeForProcessInErrorState,"Allowed time for process instances in the ""Error"" state (days)","",Integer
AllowFilesWithUnknownType,Allow processing files of unknown type,"",Boolean
AllowSaveUnlockedSchema,Configuration items can be saved without locking,"",Boolean
AltCaseBindingRegex,–егул€рное выражение дл€ прив€зки писем,"",MediumText
ApiUrl,Object generation URL api,https://files.cloudbpm.ru/Delivery/js/create-object.js,LongText
AppModule,TsConfig for Angular module,"import { NgModule } from '@angular/core'; import { testComponent } from 'src/components/test.module'; @NgModule({     declarations: [],     imports: [testComponent],     providers: [] }) export class ComponentModule {}",MaxSizeText
AreConfiguredChats,Are configured chats,"",Boolean
AreConfiguredChats,Are configured chats,"",Boolean
AuditLogCulture,Audit log culture,"",Lookup
AuthenticationTime,BPMSoftOCCAuthenticationTime,"",Integer
AutomaticAgeActualizationTime,Time of automatic daily update of the contact ages,"",Time
AutoNotifyOnlyContact,ќтправл€ть автоматические уведомлени€ только контакту обращени€,"",Boolean
BaseCalendar,Ѕазовый календарь,"",Lookup
BasePriceList,Ѕазовый прайс-лист,"",Lookup
BaseRightGridPage,Base permissions page,"",Lookup
BaseUserCalendar,Base personal calendar,"",Lookup
BETArchiveFirstGenerationPeriod,BulkEmailTarget Archiving First Generation Period (Days),"",Integer
BETArchiveSecondGenerationPeriod,BulkEmailTarget Archiving Second Generation Period (Days),"",Integer
BETArchivingIterationSize,BulkEmailTarget Archiving Iteration Size,"",Integer
BpmAuthKey, люч аутентификации трекинга (секретный),"",ShortText
BpmCrmExchangeEventsEndpointUrl,URL сервиса обработки событий Exchange в BPMSoft,https://10.1.134.130:5002/ServiceModel/ExchangeListenerService.svc/ProcessFullEmail,Text
BpmCrmSignatureKey,BpmCrm signature key,bpmcrm-signature,MediumText
BpmEventTrackingServiceUrl,¬нешний URL приложени€ дл€ получени€ событий сайта,"",MediumText
bpmsoftoccAuthLink,bpmsoftoccAuthLink,https://domain.bpmcrm.com,MaxSizeText
BPMSoftOCCChatCodeMask,BPMSoftOCCChatCodeMask,Chat-{0:0000000},ShortText
BPMSoftOCCChatLastNumber,BPMSoftOCCChatLastNumber,"",Integer
BPMSoftOCCFBclientId,BPMSoftOCCFBclientId,"2216527901956864",LongText
BPMSoftOCCFBclientId,BPMSoftOCCFBclientId,"2216527901956864",LongText
BPMSoftOCCFBclientSecret,BPMSoftOCCFBclientSecret,"995120b3d58e0fc713f2c428bf03a330",LongText
BPMSoftOCCFBclientSecret,BPMSoftOCCFBclientSecret,"995120b3d58e0fc713f2c428bf03a330",LongText
BPMSoftOCCFBLService,BPMSoftOCCFBLService,https://bpmsoft-oc-connector1.cloudbpm.ru/fblogin/3.2/2216527901956864/995120b3d58e0fc713f2c428bf03a330,LongText
BPMSoftOCCFBLService,BPMSoftOCCFBLService,https://bpmsoft-oc-connector1.cloudbpm.ru/fblogin/3.2/2216527901956864/995120b3d58e0fc713f2c428bf03a330,LongText
BPMSoftOCCFileServer,"",https://bpmsoft-oc-fileservice1.cloudbpm.ru,LongText
BPMSoftOCCFirstMsgRoute,BPMSoftOCCFirstMsgRoute,"",Boolean
BPMSoftOCCGroupChatCodeMask,"",GroupChat-{0:0000000},ShortText
BPMSoftOCCGroupChatLastNumber,"","",Integer
BPMSoftOCCInstagramService,BPMSoftOCCInstagramService,https://bpmsoft-oc-connector1.cloudbpm.ru/fblogin/instagram/12.0/581455576300934/2e74f0c0430196ec706e09d2328da57e,LongText
BPMSoftOCCIsAllChatHistory,BPMSoftOCCIsAllChatHistory,"",Boolean
BPMSoftOCCIsAllChatHistory,BPMSoftOCCIsAllChatHistory,"",Boolean
BPMSoftOCCKnowledgeBaseLength,BPMSoftOCCKnowledgeBaseLength,"",Integer
BPMSoftOCCOperatoHost,"",https://bpmsoft-oc-connector1.cloudbpm.ru,MaxSizeText
BPMSoftOCCOperatorAppId,BPMSoftOCCOperatorAppId,"",Text
BPMSoftOCCOperatorToken,"","",LongText
BPMSoftOCCServices,BPMSoftOCCServices,https://bpmsoft-oc-connector1.cloudbpm.ru/services/{0},LongText
BPMSoftOCCServices,BPMSoftOCCServices,https://bpmsoft-oc-connector1.cloudbpm.ru/services/{0},LongText
BPMSoftOCCUseFtp,BPMSoftOCCUseFtp,"",Boolean
BPMSoftOCCUseObsoleteWhatsAppApi,"","",Boolean
BpmsQueryBuilderMaxExportRecordsCount,ћаксимальное количество экспортируемых записей логов и результата SQL-запросов,"",Integer
BpmsQueryBuilderMaxSavedQueriesCount,ћаксимальное количество сохраненных SQL запросов.,"",Integer
BpmsServiceTimeout,“аймаут дл€ сервисов конструктора запросов (мс),"",Integer
BPSysCustomerIdentification,Business process: Customer identification by system,SysCustomerIdentificationProcess,ShortText
BuildThreadsAmount,Number of Angular module compilation threads,"",Integer
BuildType,BuildType,"",Lookup
BuildType,BuildType,"",Lookup
BulkEmailExpirationPeriod,¬рем€ актуальности отправки рассылки (минуты),"",Integer
BulkEmailFailoverJobInterval,ѕериодичность запуска процесса восстановлени€ зависших рассылок (минуты),"",Integer
BulkEmailHourlyStatisticPeriod,"»нтервал сбора статистики по рассылкам Email, часов","",Integer
CallRecordLogin,Ћогин дл€ получени€ записи звонка,"",MediumText
CallRecordPassword,ѕароль дл€ получени€ записи звонка,"",SecureText
CallRecordToken,“окен дл€ получени€ записи звонка,"",SecureText
CampaignElementAudienceQueryBatchSize,–азмер пачки дл€ запроса при работе с большой аудиторией,"",Integer
CampaignFailoverJobInterval,Schedule interval of the campaign failover job (minutes),"",Integer
CampaignGarbageLifeTime,"Lifetime of campaign garbage (unlinked entities, suspended participants info etc.)","",Integer
CampaignLogRecordLifeTime,—рок жизни записей журнала кампании,"",Integer
CampaignQueueMonitoringLoopsCount,„исло циклов дл€ CampaignQueueMonitoring,"",Integer
CampaignQueueSingleBatchSize,"–азмер пакета, при чтении из очереди CampaignQueue","",Integer
CampaignSignalQueueSingleBatchSize,"–азмер пакета, при чтении из очереди CampaignSignalQueue","",Integer
CampaignSyncJobPocessInterval,"»нтервал актуализации аудитории кампании, часов","",Integer
CampaignTriggeredQueueTimeout,ћаксимальна€ задержка в очереди на обработку дл€ участника кампании (минуты),"",Integer
CanCollectMobileUsageStatistics,Statistical data collection for anonymous application usage,"",Boolean
CartographicServicesApiKey,API ключ картографических сервисов,,SecureText
CaseClosureCodeDef, од закрыти€ обращени€ по умолчанию,"",Lookup
CaseClosureCodeDef, од закрыти€ обращени€ по умолчанию,"",Lookup
CaseCodeMask,ћаска номера обращени€,SR{0:00000000},ShortText
CaseGroupDef,√руппа обращени€ по умолчанию,"",Lookup
CaseImpactDef,Case default impact,"",Lookup
CaseLastNumber,“екущий номер обращени€,"",Integer
CaseOriginDef,ѕроисхождение обращени€ по умолчанию,"",Lookup
CaseOriginDef,ѕроисхождение обращени€ по умолчанию,"",Lookup
CaseOverduesCheckTerm,"—рок проверки просроченности обращени€, минут","",Integer
CaseOverduesCheckTerm,"—рок проверки просроченности обращени€, минут","",Integer
CasePortalMessageMultiLanguageProcess,ћульти€зычный процесс ќтправка email сообщени€ контакту обращени€ при публикации сообщени€ в канале ѕортал,"",Lookup
CasePriorityCalculationFromMatrix,—ase priority calculation from matrix,"",Boolean
CasePriorityDef,ѕриоритет обращени€ по умолчанию,"",Lookup
CasePriorityDef,ѕриоритет обращени€ по умолчанию,"",Lookup
CaseServiceLevelDef,”ровень поддержки обращени€ по умолчанию,"",Lookup
CaseServiceLevelDef,”ровень поддержки обращени€ по умолчанию,"",Lookup
CaseStatusDef,—осто€ние обращени€ по умолчанию,"",Lookup
CaseStatusDef,—осто€ние обращени€ по умолчанию,"",Lookup
CaseUrgencyDef,Case default urgency,"",Lookup
CashflowCodeMask,ћаска номера операции,{0},ShortText
CashflowLastNumber,“екущий номер операции,"",Integer
ChangeCategoryDef, атегори€ изменени€ по умолчанию,"",Lookup
ChangeCodeMask,ћаска номера изменени€,CR-{0},MediumText
ChangeLastNumber,“екущий номер изменени€,"",Integer
ChangePriorityDef,ѕриоритет изменени€ по умолчанию,"",Lookup
ChangePurposeDef,÷ель изменени€ по умолчанию,"",Lookup
ChangeSourceDef,»сточник изменени€ по умолчанию,"",Lookup
ChangeStatusDef,—осто€ние изменени€ по умолчанию,"",Lookup
ChartQueryDataLimit,Chart data request restriction,"",Integer
CheckTermsAndConditions,Request consent to privacy terms and conditions from the portal users,,Boolean
ChurnCalculationRequiredSystemDaysQuantity,Required number of days in the system to calculate churn potential degree,"",Integer
CKEditorDefaultFont,CKEditor default font,Golos Regular,Text
CKEditorFontsList,CKEditor font list,"Arial/Arial, Helvetica, sans-serif;Comic Sans MS/Comic Sans MS, cursive;Courier New/Courier New, Courier, monospace;Georgia/Georgia, serif;Golos Regular/Golos Regular, serif;Lucida Sans Unicode/Lucida Sans Unicode, Lucida Grande, sans-serif;Tahoma/Tahoma, Geneva, sans-serif;Times New Roman/Times New Roman, Times, serif;Trebuchet MS/Trebuchet MS, Helvetica, sans-serif;Verdana/Verdana, Geneva, sans-serif",Text
ClearAssigneeOnCaseReopening,ќчищать ответственного при переоткрытии обращени€,"",Boolean
CloseChatMessageText,CloseChatMessageText,„ат закрыт.,MaxSizeText
CloseResolvedCases,јвтоматически закрывать решенные обращени€,"",Boolean
CloseTelephonyConnectionOnLogout,Close telephony connection on logout,"",Boolean
CloudServicesAPIKey,API ключ облачных сервисов BPMSoft,"",ShortText
CloudServicesAuthKey,Cloud service authenticate key,"",Text
CloudServicesBaseUrl,URL подключени€ к облачным сервисам BPMSoft,"",Text
CodeCompilerWarningLevel,Display C# compiler warnings when publishing configuration,"",Integer
CollectMobileAppUsageStatistics,Enable gathering mobile application usage statistics,"",Boolean
CommunicationHistoryRowCount,"Number of records on the ""Calls history"" tab","",Integer
ConfigurationItemStatusDef,—осто€ние конфигурационной единицы по умолчанию,"",Lookup
ConfigurationVersion,Configuration version,"1.9.0.14114",ShortText
ConnectEmailsByCaseNumberInBody,ѕрив€зывать письма к обращени€ по номеру обращени€ в теле письма,"",Boolean
ConnectorPackageUrl,"Url-адрес хранилища пакета ""»нтеграци€ с 1—""","",Text
ContactCenterOperatorsFolder,√руппа операторов  ÷,"",Lookup
ContactFieldConverter,Order of first/last names,"",Lookup
ContractCodeMask,ћаска номера договора,{0},LongText
ContractLastNumber,“екущий номер договора,"",Integer
ContractVisaEmailTemplate,Ўаблон Email дл€ отправки информации о визе договора,"",Lookup
ContractVisaProcess,ѕроцесс визировани€ договора,"",Lookup
ConvertServiceUrl,ConvertServiceUrl,"",MediumText
CreateAccountOnQualification,—оздавать нового контрагента при квалификации лида,"",Boolean
CreateCasesFromJunkEmails,—оздавать обращени€ по нежелательным письмам,"",Boolean
CreateInvoiceFromOrderProcess,ѕроцесс создани€ счета на основании заказа,"",Lookup
CreateLeadForOpportunity,—оздать лид по продаже,"",Boolean
CreateLeadForOrder,—оздавать лиды дл€ заказов,"",Boolean
CreateNewContactsForUnknownEmailAddresses,—оздавать контакты по неопознанным email-адресам,"",Boolean
CreateOpportunityFromLeadProcess,ѕроцесс создани€ продажи на основании лида,"",Lookup
CreateOrderFromOpportunityProcess,ѕроцесс создани€ заказа на основании продажи,"",Lookup
CreateUsersAutomaticallyWhenLdapSynchronize,Create users automatically when synchronizing with LDAP,"",Boolean
CSVCodePage,"Encoding used for export to "".csv""",utf-8,LongText
CSVDelimiter,"Separator used for export to "".csv""",;,Text
CurrentPackageId,Current package,"",Lookup
CurrentSettingStep,"","",Integer
CurrentSettingStep,"","",Integer
CustomerId,ID компании дл€ лицензировани€,"202308044265",LongText
CustomerId,ID компании дл€ лицензировани€,"111",LongText
CustomerId,ID компании дл€ лицензировани€,"202308044265",LongText
CustomerId,ID компании дл€ лицензировани€,"202308044265",LongText
CustomPackageUId,Custom Package Id,"",Lookup
DaDataAPIKey,API ключ DaData,"",SecureText
DataServiceQueryTimeout,Data service client query timeout (milliseconds),"",Integer
DCEnabledStrategies,—тратеги€ распределени€ получателей динамического контента,"",Integer
DCMaxFiltersCountForCombiningStrategy,ћаксимальное число фильтров дл€ DCCombiningStrategy,"",Integer
DeduplicationWebApiUrl,Deduplication service api address,"",MediumText
DefaultAccountCommunicationType,Account communication option type by default,"",Lookup
DefaultAccountCommunicationType,Account communication option type by default,"",Lookup
DefaultActionsDashboardStageItemColor,Default color for action dashboard stage item,#8ecb60,ShortText
DefaultCartographicServicesLibrary,Ѕиблиотека картографического сервиса по умолчанию,,Lookup
DefaultCaseCategory, атегори€ обращени€ по умолчанию,"",Lookup
DefaultCaseCategoryForPortal,Default category for registering a free-form case,"",Lookup
DefaultContactCommunicationType,Default type of contact communication options,"",Lookup
DefaultESPEmail,Default ESP email,"",ShortText
DefaultExternalAccessClient,Default external access client,"",Lookup
DefaultExternalAccessClientId,Default external access client id,"",ShortText
DefaultExternalAccessDurationDays,Default external access duration in days,"",Integer
DefaultIntroPage,Default main page,TeamIntro,Lookup
DefaultIntroPage,Default main page,"",Lookup
DefaultIntroPage,Default main page,"",Lookup
DefaultLeadStage,—тади€ лида по умолчанию,"",Lookup
DefaultMapService,Maps service by default,"",Lookup
DefaultMessageLanguage,Default language for messages,"",Lookup
DefaultNotifyContactInCase,Notification of the service user as the point of contact for case,"",Boolean
DefaultNotifyInitiatorInCase,Notification of the initiator as the point of contact for case,"",Boolean
DefaultNumberItemsReturned,Number of records not deleted in a background process,"",Integer
DefaultSectionPanelBackgroundColor,Section panel background by default,#ffffff,ShortText
DefaultSectionPanelFontColor,Text in section panel by default,#67748E,ShortText
DefaultSectionPanelSelectedBackgroundColor,Selected section background by default,#F9763D,ShortText
DefaultSectionPanelSelectedFontColor,Text in selected section by default,#252F40,ShortText
DefaultServiceForPortal,Default service for free-form case registration,"",Lookup
DefaultServicePact,—ервисный договор по умолчанию,"",Lookup
DefaultServicePact,—ервисный договор по умолчанию,"",Lookup
DefaultTax,Tax by default,"",Lookup
DefaultTimeZone,Default TimeZone,"",Lookup
DefaultUnit,≈диница измерени€ по умолчанию,"",Lookup
DefaultWebFormContactIdentificationProcess,Default web form contact identification process,"",Lookup
DefaultWorkspace,Default workspace,"",Lookup
DefineCaseCategoryFromMailBox,¬ключить взаимосв€зь почтовых €щиков поддержки и категорий обрабатываемых обращений,"",Boolean
DefLookupEditPageSchemaUId,Base lookup card page,"",Lookup
DefLookupGridPageSchemaUId,Base lookup page,"",Lookup
DelayedNotificationCleaningExecutionPeriod,"„астота вызова очистки отложенных уведомлений, минут","",Integer
DelayedNotifyingExecutionPeriod,„астота отправки уведомлений на оценку обращений (минут),"",Integer
DetailsConfig,Details config,"",MaxSizeText
DisableQueueFillingScheduler,ќтключить планировщик наполнени€ очередей,"",Boolean
DisplayAccountLockoutMessageAtLogin,Show message about locking account during logging in,"",Boolean
DisplayIncorrectPasswordMessageAtLogin,Show message about incorrect password during logging in,"",Boolean
DocumentCodeMask,ћаска номера документа,{0},LongText
DocumentLastNumber,“екущий номер документа,"",Integer
DocumentStatusDef,—осто€ние документа по умолчанию ,"",Lookup
DomainToRedirect,Domain to redirect,,MediumText
DropdownRecordsLimit ,Number of records in the dropdown list,"",Integer
EmailBodyForCaseMaxLength,ћаксимальна€ длина тела письма при создании обращени€ по e-mail,"",Integer
EmailMiningIdentificationActualPeriod,Relevance period of contact and account identification data (days),"",Integer
EmailMiningPackageSize,Email package size handled by enrichment process,"",Integer
EmailMiningPeriodMin,Enrichment process launch frequency (minutes),"",Integer
EmailPattern,Email address mask,[а-€ј-яa-zA-Z0-9!#$%&'*+/=?^_`{|}~-]+(?:\.[а-€ј-яa-zA-Z0-9!#$%&'*+/=?^_`{|}~-]+)*@(?:[а-€ј-яa-zA-Z0-9](?:[а-€ј-яa-zA-Z0-9-]*[а-€ј-яa-zA-Z0-9])?\.)+[а-€ј-яa-zA-Z0-9](?:[а-€ј-яa-zA-Z0-9-]*[а-€ј-яa-zA-Z0-9])?,Text
EmailProcessTag,Email processes tag,Email Process,Text
EmailServiceName,Email service name,"",MediumText
EmployeeCityDef,√ород дл€ сотрудника по умолчанию,"",Lookup
Enable2FA,»спользовать 2FA,"",Boolean
EnableAngularSupport,Enable support for Angular modules,"",Boolean
EnableAutoCompleteDaData,¬ключить автозаполнение полей DaData,"",Boolean
EnableComplainFunction,¬ключить возможность пожаловатьс€ на портале,"",Boolean
EnableComplainFunction,¬ключить возможность пожаловатьс€ на портале,"",Boolean
EnableContextHelp,Show help,"",Boolean
EnableContextHelp,Show help,"",Boolean
EnableDynamicVector,Enabling Dynamic Vector,"",Boolean
EnableEmailIndicatorMonitoring,¬ключить возможность мониторинга показателей состо€ни€ email-рассылок.,"",Boolean
EnableEmailMining,Enable enrichment of contacts from the incoming emails,"",Boolean
EnableLoggingGatewaysFlows,Logging of gateways and flows in business processes,,Boolean
EnableMobileErrorLog,Enable mobile app error log,"",Boolean
EnableProcessMetrics,Metric for completing process steps,"",Boolean
EnableQuestionToRequestor,¬ключить вопрос пользователю,"",Boolean
EnableReSynchronizationMechanism,"","",Boolean
EnableRightsOnServiceObjects,¬ключение прав на сервисные договоры и конфигурационные единицы дл€ пользователей портала,"",Boolean
EnableUserMetrics,Metrics about the users,"",Boolean
EnableWebHooksLogging,¬ключить логирование получаемых webhooks,"",Boolean
EnrichmentEmailsLimit,Email enrichment limit,"",Integer
EnrichmentPhoneNumbersLimit,Phone number enrichment limit,"",Integer
EnrichmentSocialLinksLimit,Social links enrichment limit,"",Integer
EventTrackingApiKey,API-ключ трекинга,"",MediumText
EventTrackingCodeTemplate,Ўаблон кода трекинга,"<script type=""text/javascript"" src=""http://ajax.googleapis.com/ajax/libs/jquery/1.11.2/jquery.min.js""></script> <script type=""text/javascript"">                 (function (d, s, i, r) {                                if (d.getElementById(i)) { return; }                                var n = d.createElement(s); e = d.getElementsByTagName(s)[0]; n.id = i;                                n.src = ""https://webtracking-v01.bpmcrm.com/Src/tracking_"" + r + "".js""; e.parentNode.insertBefore(n, e);                 })(document, ""script"", ""bpmTracking"", ""{apiKey}""); </script>",LongText
EventTrackingLogin,ѕараметры подключени€ к сервису трекинга Bpmcrm: логин,Supervisor,MediumText
EventTrackingPassword,ѕараметры подключени€ к сервису трекинга Bpmcrm: пароль,Pzrlgm1m1ufrAp64wJcGtRbJDaL7VnMSDXGdMP4Mey+q8bG1krJBqnNp2pxb/Q3JuXTG4SChXazhSypJCRJVuu8Cyg93S5HSzsFHBGVaPU0=,SecureText
EventTrackingWebAppUrl,URL сервиса трекинга Bpmcrm,https://someexisteddomain.ru,Text
ExcelExportBatchSize,Number of records in Excel export batch,"",Integer
ExchangeAutodiscoverRedirectUrlRegex,Exchange Autodiscover Redirection Url Regex,"",Text
ExchangeListenerServiceUri,ExchangeListenerServiceUri, http://10.1.134.133:10000,Text
ExecuteAngularNpmInstallCommand,Run npm install command for Angular modules,"",Boolean
ExpiredTaskColor,Color of overdue activity,#FFDFDF,LongText
ExpireLicenseNotificationTerm,Term of expired license notification,"",Integer
ExportToExcelFallbackCharacter,Replacement symbol for invalid characters when exporting to Excel,"",ShortText
ExternalAccessSessionNotificationEnabled,Notify grantor about start/end session using external access,"",Boolean
FaviconImage,Favicon,"",Binary
FieldForcePackageUrl,Url-адрес хранилища пакета FieldForce,"",Text
FileChunkBufferSize,–азмер читаемого блока файла,,Integer
FileDetailDefaultIcon,Attachments and notes default icon,"",Lookup
FileExtensionsAllowList,File extensions AllowList,"doc,docx,rtf,odt,pages,pdf,xls,xlsx,xlsm,xlsb,csv,ods,ppt,pptx,ppsx,txt,log,json,md,config,zip,rar,7z,gz,pjp,pjpeg,jfif,webp,tif,bmp,png,jpeg,jpg,gif,ico,xbm,dib,emz,jfif,heic,ai,eps,jpe,cod,ief,ras,cmx,pnm,pbm,pgm,ppm,rgb,xpm,xwd,mp3,wav,mp4,mov,wmv,bpmn,frx,msg,vcf,ics,p7s,p7m,wmz,mso,dwg,mpp,step,vsd,vsdx,psd,gbt,prn,stp,rdp,dtf",Text
FileExtensionsDenyList,File extensions DenyList,"ade,adp,apk,app,appx,appxbundle,asp,aspx,asx,bas,bat,bin,cab,cer,chm,cmd,cnt,com,command,conf,cpl,crt,csh,der,diagcab,dll,dmg,elf,exe,fxp,gadget,grp,hlp,hpj,hta,htc,html,inf,inf1,ins,inx,ipa,iso,isp,isu,its,jar,jnlp,job,js,jse,ksh,lib,lnk,mad,maf,mag,mam,maq,mar,mas,mat,mau,mav,maw,mcf,mda,mdb,mde,mdt,mdw,mdz,msc,msh,msh1,msh1xml,msh2,msh2xml,mshxml,msi,msix,msixbundle,msp,mst,msu,nsh,ops,osd,osx,out,paf,pcd,pif,pl,plg,prf,prg,printerexport,ps1,ps1xml,ps2,ps2xml,psc1,psc2,psd1,psdm1,pst,py,pyc,pyo,pyw,pyz,pyzw,rb,reg,rgs,run,scf,scr,sct,sh,shb,shs,sys,theme,tmp,u3p,url,vb,vbe,vbp,vbs,vbscript,vhd,vhdx,vsmacros,vsw,vxd,webpnp,website,workflow,ws,wsc,wsf,wsh,xbap,xll,xnk,xml",Text
FileImportEntitySaveChunksCount,FileImportEntitySaveChunksCount,"",Integer
FileImportMaxFileSize,Max file size for import in Mb,"",Integer
FileImportMaximumNewTagsInFile,ћаксимальное количество создаваемых при импорте тегов,"",Integer
 FileImportNewTagCountValidationBatchSize, оличество тегов в одном запросе на проверку лимита создаваемых тегов при импорте,,Integer
FileSecurityMode,File Security Mode,"",Lookup
FinishedTaskColor,Color of completed activity,#A0A0A0,Text
FirebaseDynamicLinksTemplate,Template from Firebase dynamic links service,{0},MediumText
FirstReevaluationWaitingDays, оличество дней ожидани€ после запроса оценки,"",Integer
FirstSupportLine,"1-€ лини€ поддержки","",Lookup
ForceExternalAccessDataIsolation,Restrict external access to data,"",Boolean
ForceProcessLogging,Force process logging (for debug),"",Boolean
ForceSetNeedProcess,Force set email need processing,"",Boolean
GlobalSearchConfigServiceUrl,Global search config service url adress,"",MediumText
GlobalSearchDefaultEntityWeight,Global search default entity weight,"",Integer
GlobalSearchDefaultPrimaryColumnWeight,Global search default primary column weight,"",Integer
GlobalSearchIndexedDataConfig,GlobalSearchIndexedDataConfig,"{ 	""VwCampaignLog"": { IgnoredColumns: [""*""] }, 	""VwQueueItem"": { IgnoredColumns: [""*""] }, 	""VwProcessLib"": { IgnoredColumns: [""*""] }, 	""VwSysDcmLib"": { IgnoredColumns: [""*""] }, 	""SysTranslation"": { IgnoredColumns: [""*""] }, 	""SysProcessLog"": { IgnoredColumns: [""*""] }, 	""SysAdminUnit"": { IgnoredColumns: [""*""] }, 	""SysAdminOperation"": { IgnoredColumns: [""*""] }, 	""DuplicateRule"": { IgnoredColumns: [""*""] }, 	""Email"": { IgnoredColumns: [""*""] }, 	""EmailTemplate"": { IgnoredColumns: [""*""] }, 	""EmailTemplateFile"": { IgnoredColumns: [""*""] }, 	""DuplicatesRule"": { IgnoredColumns: [""*""] }, 	""ScoringModel"": { IgnoredColumns: [""*""] }, 	""SocialMessage"": { IgnoredColumns: [""*""] }, 	""BulkEmailSplit"": { IgnoredColumns: [""*""] }, 	""BulkEmailSplitFile"": { IgnoredColumns: [""*""] }, 	""Lookup"": { IgnoredColumns: [""*""] }, 	""SiteEventType"": { IgnoredColumns: [""*""] }, 	""SiteEventTypeFile"": { IgnoredColumns: [""*""] }, 	""PaymentRule"": { IgnoredColumns: [""*""] }, 	""PaymentRuleFile"": { IgnoredColumns: [""*""] }, 	""CampaignPlanner"": { IgnoredColumns: [""*""] }, 	""CampaignPlannerFile"": { IgnoredColumns: [""*""] }, 	""VwSysProcessLog"": { IgnoredColumns: [""*""] }, 	""SysPrcHistoryLog"": { IgnoredColumns: [""*""] }, 	""SysSettings"": { IgnoredColumns: [""*""] }, 	""Contact"": { IgnoredColumns: [""dear"", ""salutationtype"", ""gender"", ""twitterafda"", ""facebookafda"", ""linkedinafda"", ""surname"", ""givenname"", ""middlename"", ""owner""] }, 	""Account"": { IgnoredColumns: [""owner""] }, 	""KnowledgeBase"": { IgnoredColumns: [""notes"", ""code"", ""keywords""] }, 	""Case"": { IgnoredColumns: [""notes"", ""priority"", ""origin"", ""closurecode"", ""satisfactionlevel"", ""category"", ""parentcase"", ""processingtimeunit"", ""servicecategory"", ""solvedonsupportlevel"", ""supportlevel"", ""holder"", ""problem"", ""change""] }, 	""ServiceItem"": { IgnoredColumns: [""reactiontime"", ""solutiontime""] }, 	""Problem"": { IgnoredColumns: [""author"", ""type"", ""priority"", ""status"", ""change""] }, 	""Release"": { IgnoredColumns: [""status"", ""type"", ""priority""] }, 	""ServicePact"": { IgnoredColumns: [""status"", ""type"", ""serviceprovider"", ""serviceprovidercontact"", ""calendar"", ""supportlevel""] }, 	""Change"": { IgnoredColumns: [""author"", ""parentchange"", ""source"", ""purpose"", ""category"", ""priority"", ""status"", ""release""] }, 	""ConfItem"": { IgnoredColumns: [""status"", ""parentconfitem"", ""category"", ""country"", ""region"", ""city"", ""street"", ""address""] }, 	""GeneratedWebForm"": { IgnoredColumns: [""body"", ""state"", ""owner"", ""type""] }, 	""Call"": { IgnoredColumns: [""direction"", ""result"", ""activity"", ""lead"", ""order"", ""opportunity"", ""case""] }, 	""Activity"": { IgnoredColumns: [""priority"", ""author"", ""timezone"", ""color"", ""allowedresult"", ""messagetype"", ""mailhash"", ""globalactivityid"", ""activityconnection"", ""organizer"", ""calldirection"", ""useremailaddress"", ""location"", ""queueitem"", ""body""] }, 	""Order"": { IgnoredColumns: [""currency"", ""sourceorder"", ""paymenttype"", ""receivername"", ""comment"", ""contactnumber""] }, 	""Invoice"": { IgnoredColumns: [""paymentstatus"", ""supplierbillinginfo"", ""customerbillinginfo"", ""currency""] }, 	""Product"": { IgnoredColumns: [""owner"", ""unit"", ""currency"", ""type"", ""tax""] }, 	""Opportunity"": { IgnoredColumns: [""type"", ""closereason"", ""category"", ""responsibledepartment"", ""weaknesses"", ""strength"", ""winner"", ""description"", ""leadtype""] }, 	""Contract"": { IgnoredColumns: [""state"", ""parent"", ""ourcompany"", ""currency""] }, 	""Lead"": { IgnoredColumns: [""status"", ""industry"", ""annualrevenue"", ""addresstype"", ""leadtype"", ""leadtypestatus"", ""accountcategory"", ""accountownership"", ""department"", ""gender"", ""dear"", ""owner"", ""salesowner"", ""opportunitydepartment"", ""saletype"", ""countrystr"", ""regionstr"", ""citystr"", ""bpmhref"", ""bpmref""] }, 	""MktgActivity"": { IgnoredColumns: [""channel"", ""status"", ""owner"", ""currency"", ""campaignplanner""] }, 	""Event"": { IgnoredColumns: [""type"", ""owner"", ""status"", ""goal"", ""territory"", ""industry"", ""actualresponse"", ""actualizestatus"", ""segmentsstatus"", ""campaign""] }, 	""Campaign"": { IgnoredColumns: [""campaignstatus"", ""segmentsstatus"", ""targetdescription"", ""owner"", ""utmcampaign"", ""type""] }, 	""BulkEmail"": { IgnoredColumns: [""owner"", ""type"", ""status"", ""segmentsstatus"", ""utmsource"", ""utmmedium"", ""utmcampaign"", ""utmterm"", ""utmcontent"", ""domains"", ""category"", ""splittest"", ""launchoption"", ""templateconfig""] }, 	""Queue"": { IgnoredColumns: [""entityschemacaption"", ""processschemacaption"", ""filterdata"", ""filtereditdata"", ""queueentityschema"", ""businessprocessschema""] }, 	""Document"": { IgnoredColumns: [""state""] }, 	""Bonus"": { IgnoredColumns: [""currency""] }, 	""*"": { IgnoredColumns: [""modifiedby"", ""createdby"", ""lockedby"", ""facebookid"", ""twitterid"", ""_headerproperties"", ""_durationinmnutesandhours"", ""_erroronsend"", ""_emailsendstatus"", ""formfields"", ""entitydefaultvalues"", ""_solutiontimeunit"", ""_reactiontimeunit"", ""_pricelist"", ""_gpse"", ""_gpsn"", ""_nonactualreason"", ""_externalcommunicationtype"", ""_socialmediaid"", ""_communicationtype"", ""_addresstype"", ""_searchNumber"", ""_templateBody"", ""^campaign\\.schemadata$""] } }",MaxSizeText
GlobalSearchIndexingApiUrl,Global search indexing api address,"",MediumText
GlobalSearchShouldMatchPercent,Match threshold for displaying in search results (percent),"",Integer
GlobalSearchUrl,Global search url address,"",ShortText
GoogleAnalyticsTrackingDomains,«начение по умолчанию пол€ —писок доменов в Email,www.example.com,MediumText
GoogleCalendarLastSynchronization,Date of last synchronization with Google Calendar,"",DateTime
GoogleCalendarLastSynchronizationEnd,Completion date of last synchronization with Google Calendar,"",DateTime
GoogleCalendarSynchInterval,Interval for periodic synchronization with Google Calendars,"",Integer
GoogleConsumerKey,Google services access key,"",ShortText
GoogleConsumerSecret,Google secret access key,"",ShortText
GoogleContactGroup,Contacts folder for synchronization with Google,"",Lookup
GoogleContactLastSynchronization,Date of last synchronization with Google Contacts,"",DateTime
GoogleContactLastSynchronizationEnd,Completion date of last synchronization with Google Contacts,"",DateTime
GoogleContactSynchInterval,Interval for periodic synchronization with Google Contacts,"",Integer
GoogleContactType,Type of imported Google contact,"",Lookup
GoogleMapsApiKey,Google Maps access key,cvfmjngfbkjcgfvjuhcfxtgfew5r,MediumText
GoogleRegistrationPage,Application registration page in Google,https://code.google.com/apis/console/,ShortText
GoogleTagManagerScript,Google Tag Manager script,"",MaxSizeText
GrantCasePermissionsForPortalOrganization,–аздавать права на обращение организации портального пользовател€,"",Boolean
HasAccountMiniPageAddMode,Enable account mini page add mode,"",Boolean
HasActivityMiniPageAddMode,Enable activity mini page add mode,"",Boolean
HasContactMiniPageAddMode,Enable contact mini page add mode,"",Boolean
HasEmployeeMiniPageAddMode,Enable employee mini page add mode,"",Boolean
HasLeadMiniPageAddMode,»спользовать миникарточку добавлени€ лида,"",Boolean
HasOpportunityMiniPageAddMode,»спользовать миникарточку добавлени€ продажи,"",Boolean
HasPartnershipMiniPageAddMode,»спользовать миникарточку добавлени€ партнерства,"",Boolean
HeaderLogoImage,Upper panel logo,"",Binary
HostingDataCollectionScriptUrl,Url скрипта сбора данных по хостингу,https://files.cloudbpm.ru/Delivery/js/track-cookies.js,LongText
IconServiceCatalogLevel,Icon for the default group,"",Binary
IconServiceItem,Icon for the default service,"",Binary
IdentityServerClientId,»дентификатор стороннего приложени€,"",ShortText
IdentityServerClientSecret,—екретный код стороннего приложени€,,SecureText
IdentityServerUrl,јдрес сервера аутентификации,"",Text
IgnoreExchangeSSLWarnings,Ignore invalid certificates from Exchange server,"",Boolean
IgnorePictureAspectRatio,Ignore picture aspect ratio for word report,"",Boolean
ImageCaseNotFound,Ћоготип не найдено обращение,"",Binary
ImageRaitingAlredyExist,Ћоготип оценка уже выставлена,"",Binary
ImageRaitingNotFound,Ћоготип не найдено значение оценки,"",Binary
ImageThanksForRaiting,Ћоготип спасибо за оценку,"",Binary
ImportLdapUsersAutomaticaly,Import LDAP users automatically ,"",Boolean
ImproveEmailDef,Email for product feedback,info@omnichannel.ru,Text
InactiveUserDeactivationIntervalInDay,»нтервал деактивации неактивного пользовател€ (в дн€х),"",Integer
IncidentManagentAutoStart,јвтоматический запуск процесса управлени€ инцидентами,"",Boolean
IncidentRegistrationFromEmailAutoStart,"јвтоматический запуск процесса ""–егистраци€ инцидента по вход€щему email""","",Boolean
IncomingCallRingtone,Incoming call ringtone,"",Binary
InsertQueueItemTopValue, оличество одновремено добавл€емых записей в элементы очереди,"",Integer
InsightMasterLogin,Login for Insight requests,,ShortText
InsightMasterPassword,Password for Insight requests,,SecureText
InsightProjectSyncPeriod,Insight project synchronization period (in minutes),,Integer
InsightServerAddress,Insight server address,"",LongText
InternalNumberLength,Number of digits in internal numbers,"",Integer
InternalNumberLength,Number of digits in internal numbers,"",Integer
IntervalInMinutesForFindReminding,Interval in minutes to search for reminders,"",Integer
IntroPageWidgetUrl,Url for widget on intro page,"",Text
InvoiceCodeMask,ћаска номера счета,INV-{0},LongText
InvoiceLastNumber,“екущий номер счета,"",Integer
InvoicePaymentStatusDef,—осто€ние оплаты счета по умолчанию,"",Lookup
InvoiceVisaEmailTemplate,Ўаблон Email дл€ отправки информации о визе счета,"",Lookup
InvoiceVisaProcess,ѕроцесс визировани€ счета,"",Lookup
IsCtiPanelMenuItemVisible,Display CTI in communication panel,"",Boolean
IsCtiPanelMenuItemVisible,Display CTI in communication panel,"",Boolean
IsDebug,Debug mode,"",Boolean
jQueryFileName,jQuery file name,jQuery-3.5.1,ShortText
JQueryLibrariesUrl,Url библиотеки jquery,https://ajax.googleapis.com/ajax/libs/jquery/1.11.2/jquery.min.js,LongText
JunkCaseDefaultStatus,—осто€ние нежелательных обращений по умолчанию,"",Lookup
KnowledgeBaseCodeMask,Knowledge base article number mask,{0},Text
KnowledgeBaseCodeMask,Knowledge base article number mask,{0},Text
KnowledgeBaseImage,Knowledge base link - Tile view,"",Binary
KnowledgeBaseLastNumber,Current number of knowledge base article,"",Integer
KnowledgeBaseLastNumber,Current number of knowledge base article,"",Integer
LastAccountDuplicatesSearch,Date of last duplicates search by accounts,"",DateTime
LastActualWorkEstimation,Last calculation date of actual project work hours,"",DateTime
LastAgeActualizationDate,Date of the last update of the contact ages,"",Date
LastContactDuplicatesSearch,Date of last duplicates search by contacts,"",DateTime
LDAPAllowLicenseDistributionDuringLDAPSync,Grant licenses during LDAP synchronization,"",Boolean
LDAPAuthType,LDAP authentication type,"",Lookup
LDAPEntryMaxModifiedOn,Maximum modification date of LDAP entry,"",DateTime
LDAPEntryModifiedOnAttribute,Name of attribute containing LDAP entry modification date,whenChanged,ShortText
LDAPGroupIdentityAttribute,Name of attribute to identify LDAP group,objectSid,ShortText
LDAPGroupNameAttribute,Name of attribute containing LDAP group name,cn,ShortText
LDAPGroupsEntry,"LDAP entry, which contains list of LDAP groups","",ShortText
LDAPGroupsFilter,Condition to form list of LDAP groups,(&(objectClass=group)(!(userAccountControl:1.2.840.113556.1.4.803:=2))),ShortText
LDAPKeyDistributionCenter,Key Distribution Center,"",Text
LDAPLogNotificationSender,LDAP log notification sender,"",Lookup
LdapParallelOperationsBatchSize,LDAP parallel operations batch size,"",Integer
LDAPServer,LDAP server name or IP,"",ShortText
LDAPServerLogin,LDAP server user login,"",ShortText
LDAPServerPassword,LDAP server user password,bYeJ6pe732RZA9OFCTSKIxO5K1NYTmmSonWwFRAP4q1pEBN2mb78S3CCeP7AUcQnM90AG6zzo+NPOR34urtF7Q==,SecureText
LDAPSynchInterval,"LDAP synchronization interval, hours","",Integer
LDAPSynchronizeOnlyGroups,Synchronize only LDAP groups,"",Boolean
LdapSyncRetryCountOnFailure,The count of attempts to establish an LDAP connection when an error occurs,"",Integer
LdapSyncRetryDelay,Delay between repeated attempts to establish a connection to LDAP (in milliseconds).,"",Integer
LDAPUserCompanyAttribute,Name of attribute containing LDAP current employment,company,MediumText
LDAPUserEmailAttribute,Name of attribute containing LDAP user email,mail,MediumText
LDAPUserFullNameAttribute,Name of attribute containing LDAP user full name,cn,ShortText
LDAPUserIdentityAttribute,Name of attribute to identify LDAP user,objectSid,ShortText
LDAPUserJobTitleAttribute,Name of attribute containing LDAP user job title,title,MediumText
LdapUserLicPackages,License packages for LDAP user,,Text
LDAPUserLoginAttribute,Name of attribute containing LDAP user login,sAMAccountName,ShortText
LDAPUserPhoneAttribute,Name of attribute containing LDAP user phone number,homePhone,MediumText
LDAPUsersEntry,"LDAP entry, which contains list of LDAP users","",ShortText
LDAPUsersFilter,Condition to form list of LDAP users,(&(objectClass=user)(objectClass=person)(!(objectClass=computer))(!(isDeleted=TRUE))),ShortText
LDAPUsersInGroupFilter,Condition to form list of LDAP users in group,(memberOf=[#LDAPGroupDN#]),ShortText
LDAPUseSecureConnection,Enable LDAP over SSL,"",Boolean
LeadGenRecipientsOfNotifications,Recipients of notifications for lead generation errors from social networks,"",Lookup
LeadManagementProcess,ѕроцесс управлени€ лидом,"",Lookup
LinkExpiryPeriod,"Registration links expiration term, days","",Integer
LMSUrl,LMS address,https://bpm-soft.ru/,MediumText
LMSUrl,LMS address,https://bpm-soft.ru/,MediumText
LoginAttemptBeforeWarningCount,Quantity of login attempts for warning message,"",Integer
LoginAttemptCount,Number of logon attempts,"",Integer
LoginPageCommunicationBlockCaption,Caption for communication options block on login page,“ехническа€ поддержка,ShortText
LoginPageLinksBlockCaption,Caption for useful links block on login page,¬ажные ссылки,ShortText
LoginPageWidgetUrl,Url for widget on login page,"",Text
LoginRegistrationEmailTemplate,Template for registration confirmation email,"",Lookup
LoginRegistrationMailboxSettings,Mailbox for sending registration confirmation letter,"",Lookup
LoginReservationPeriod,—рок резерва логина удаленного пользовател€ (в дн€х),"",Integer
LogoImage,Logo on login page,"",Binary
MailboxSyncInterval,Mailbox synchronization interval,"",Integer
MailingProvider,ѕровайдер рассылок,"",Lookup
MailingStatisticUpdatePeriod,ѕериод (дней) обновлени€ статистики по рассылкам.,"",Integer
MailoutsWarningThreshold,"ќтправленные email-письма - условие предупреждени€, %","",Integer
MailReSynchronizationFrequency,"","",Integer
Maintainer,Publisher,Customer,MediumText
mandrillApiKey,API-ключ дл€ сервиса Email-рассылок,"",MediumText
MandrillMailingDelayInSeconds,"¬рем€ задержки перед началом отправки рассылки, секунд","",Integer
MandrillShedulerTimeStep,"»нтервал проверка наличи€ запущенных Email-рассылок, минут","",Integer
MandrillStatisticUpdatePeriodDays,ѕериод (дней) обновлени€ статистики по рассылкам,"",Integer
MandrillWebHookProcessingPackageCount, оличество пачек откликов дл€ разбора (агрегированна€ статистика),"",Integer
MandrillWebHooksSyncProcessInterval,"»нтервал выполнени€ синхронизации webhooks, минут","",Integer
MarketingDashboardPrefix,MarketingDashboardPrefix,Marketing: ,Text
MarketingDashboardsWithPrefix,MarketingDashboardsWithPrefix,"'A05A7FA9-87BB-4F95-A8E1-E9FFDD689DBB','15F50549-EC9D-46AB-9411-87F73AB5C36F','95625DA6-3CB7-4098-A8DA-EA7D3D0D54C0','6DB925F8-950A-40FD-BA91-A4168D4476D8'",Text
MarketingVideoUrl,—сылка на видео дл€ marketing,"",ShortText
MassStageChangingMaxLeadsCount,ћаксимальное количество лидов при массовом изменении стадии,"",Integer
MaxCloseQueueProgressRecordsCount,ћаксимальное количество записей в работе дл€ закрытой очереди,"",Integer
MaxDayTransitionCount,"ћаксимальное значение параметра ""ѕерейти через, дней""","",Integer
MaxDegreeOfParallelismWhileProcessingLdapGroups,Maximum degree of parallelism while processing LDAP groups,"",Integer
MaxDegreeOfParallelismWhileProcessingLdapUsers,Maximum degree of parallelism for LDAP users in each LDAP group,"",Integer
MaxEmailSendDateForCaseReg,"ћаксимальный срок давности письма дл€ регистрации обращени€, дней","",Integer
MaxFileSize,Attachment max size,"",Integer
MaxGroupSysWorkplaceIconSize,Maximum size of section group icon to upload,"",Integer
MaxImportExcelRecordCount,Maximum number of records to import from Excel,"",Integer
MaximumQueueItemsInQueue,ћаксимальное количество необработанных элементов в очереди,"",Integer
MaxLevelServiceCatalogGroup,Maximum nesting level of the service catalog,"",Integer
MaxMandrillStatisticUpdatePeriodMinutes,ћаксимальный интервал (минут) обновлени€ статистики по рассылкам,"",Integer
MaxNumberOfProcessesForPlanning,Maximum number of business processes for planning,"",Integer
MaxPackageSchemaDataRowsCount,Maximum quantity of data strings to be bound to package,"",Integer
MaxPasswordAge,"Password validity term, days","",Integer
MaxProcessLoopCount,Maximum number of process item repetitions,"",Integer
MaxProcessLoopCount,Maximum number of process item repetitions,"",Integer
MaxRecipientsForGroupingStrategy,MaxRecipientsForGroupingStrategy,"",Integer
MaxWorkspaceCount,Maximum number of user workspaces,"",Integer
MenuLogoImage,Ћоготип в главном меню,"",Binary
MessagesNumberEverySearchIteration,Maximum number of feed messages during first load,"",Integer
MinMandrillStatisticUpdatePeriodMinutes,ћинимальный интервал (минут) обновлени€ статистики по рассылкам,"",Integer
MinPasswordLength,Password complexity: Minimum length,"",Integer
MinPasswordLowercaseCharCount,Password complexity: Minimum quantity of lower case characters,"",Integer
MinPasswordNumericCharCount,Password complexity: Minimum quantity of digits,"",Integer
MinPasswordSpecialCharCount,Password complexity: Minimum quantity of special characters,"",Integer
MinPasswordUppercaseCharCount,Password complexity: Minimum quantity of upper case characters,"",Integer
MLBatchPredictionChunkSize,ML Batch prediction chunk size,"",Integer
MLLicNotifications,Machine learning analytics notification sending,"",Boolean
MLLicServiceURL,URL of the machine learning license service,"",MediumText
MLModelBatchPredictionPeriodMinutes,Periodicity of batch prediction job,"",Integer
MlModelEventsNotificationGroup,ML model events notification group,"",Lookup
MLModelTrainingAutoRefreshSeconds,Periodicity of training status auto refresh in ML model page,"",Integer
MLModelTrainingPeriodMinutes,Periodicity of machine learning model training job,"",Integer
MLPredictionResultsLifeDays,Life period for prediction results (days),"",Integer
MLRecommendationChunkSize,ML Recommendation chunk size,"",Integer
MLSegmentationLLMURL,Address of the LLM request in segmentation,"",MediumText
MLSegmentsNamesFormingTaskDescription,Segments names forming task description,"",Text
MLServiceAPIKey,API-key of the machine learning service,"",ShortText
MLTrainingChunkSize,ML training chunk size,"",Integer
MLTrainingMaxRecordsCount,Default maximum number of records for ML training,"",Integer
MLTrainingMinimumRecordsCount,Default minimum number of records for ML training,"",Integer
MobileAppCheckUpdatePeriod,Update checks frequency,"",Integer
MobileApplicationMode,Mobile application operation mode,"",Lookup
MobileAppUsageStatisticsEmail,Email for sending mobile application usage statistics,support@omnichannel.ru,ShortText
MobileAppUsageStatisticsStorePeriod,Expiration term of storing statistics about mobile application usage on device,"",Integer
MobileDataSyncFrequency,"Background data synchronization frequency, minutes","",Integer
MobileDefaultCaseOrigin,ѕроисхождение обращени€ из мобильного приложени€ по умолчанию,"",Lookup
MobileEmailForPermissionRequests,Email for sending permission requests,"",MediumText
MobileExtendedAuthenticationUrl,Page for advanced authentication in mobile application,"",LongText
MobileLogoImage,Mobile application logo,"",Binary
MobileShowMenuOnApplicationStart,Display menu of the selected section when starting mobile app,"",Boolean
MobileTrackLocationFrequency,"Track device location frequency, minutes","",Integer
MobileUseSSO,Use SSO in the mobile app,"",Boolean
NewAppCodePrefix,Prefix for new application code,App,ShortText
NoteworthyEventNotificationPeriod,"Noteworthy event notification period, days","",Integer
NoteworthyPeriodForOpportunityParticipants,"ѕериод уведомлени€ о знаменательных событи€х участников продажи, мес€цев","",Integer
NotificationsExpirationTerm,Notification storage period (days),"",Integer
NotificatonJobInterval,Notifications interval,"",Integer
NotifyMobileUserAboutAppUpdate,Notify user about mobile app updates,"",Boolean
NumberOfPackagesForActualizingAudienceOfBulkEmail, оличество пачек откликов дл€ разбора (отклики получателей),"",Integer
NumberOfProcessedRecords,Number of processed records,"",Integer
OAuth20IdentityServerClientId,Client id for OAuth 2.0 integrations,,ShortText
OAuth20IdentityServerClientSecret,Client secret for OAuth 2.0 integrations,,SecureText
OAuth20IdentityServerUrl,Authorization server Url for OAuth 2.0 integrations,,Text
OData4PageSize,"","",Integer
ODataFilterTreeMaxNodeCount,"","",Integer
OIDCprovider,OIDC провайдер,OIDC,ShortText
OmniChatNotificationSound,Omni chat notification sound,"",Binary
OmniChatOperatorAcceptChatTimeout,Omni chat operator accept chat timeout,"",Integer
OpenIDEmailClaimType,“ип OpenID утверждени€ 'email',http://schemas.xmlsoap.org/ws/2005/05/identity/claims/emailaddress,MediumText
OpenIDIdentityServerClientId,Client id for OpenID authentication,,ShortText
OpenIDIdentityServerClientSecret,Client secret for OpenID authentication,,SecureText
OpenIDIdentityServerUrl,Authorization server url for OpenID authentication,,Text
OpenIDNameClaimType,Type for OpenID 'name' claim,name,MediumText
OperatorSingleWindowSocialChannel, анал дл€ отображени€ в ≈дином окне оператора,"",Lookup
OpportunityManagementProcess,ѕроцесс корпоративных продаж,"",Lookup
OrderCodeMask,ћаска номера заказа,ORD-{0},LongText
OrderDeliveryStatusDef,—осто€ние поставки заказа,"",Lookup
OrderLastNumber,“екущий номер заказа,"",Integer
OrderPassportTemplateDef,Ўаблон графика поставок и оплат по умолчанию,"",Lookup
OrderPaymentStatusDef,—осто€ние оплаты заказа,"",Lookup
OrderStatusDef,—осто€ние заказа,"",Lookup
OrderVisaEmailTemplate,Ўаблон Email дл€ отправки информации о визе заказа,"",Lookup
OrderVisaProcess,ѕроцесс визировани€ заказа,"",Lookup
PackageJson,Package Json for Angular module,"{   ""name"": ""angular"",   ""version"": ""0.0.0"",   ""license"": ""MIT"",   ""scripts"": {         ""ng"": ""nx"",         ""nx"": ""nx""     },   ""private"": true,   ""dependencies"": {     ""@angular/animations"": ""~18.2.0"",     ""@angular/material"": ""~18.2.0"",     ""@angular/common"": ""~18.2.0"",     ""@angular/compiler"": ""~18.2.0"",     ""@angular/core"": ""~18.2.0"",     ""@angular/forms"": ""~18.2.0"",     ""@angular/platform-browser"": ""~18.2.0"",     ""@angular/platform-browser-dynamic"": ""~18.2.0"",     ""@angular/router"": ""~18.2.0"",     ""@nx/angular"": ""19.6.0"",     ""broadcast-channel"": ""^7.0.0"",     ""@ngx-translate/core"": ""^16.0.3"",     ""class-transformer"": ""^0.5.1"",     ""rxjs"": ""~7.8.0"",     ""tslib"": ""^2.3.0"",     ""zone.js"": ""~0.14.3""   },   ""devDependencies"": {     ""@angular-devkit/build-angular"": ""~18.2.0"",     ""@angular-devkit/core"": ""~18.2.0"",     ""@angular-devkit/schematics"": ""~18.2.0"",     ""@angular-eslint/eslint-plugin"": ""^18.0.1"",     ""@angular-eslint/eslint-plugin-template"": ""^18.0.1"",     ""@angular-eslint/template-parser"": ""^18.0.1"",     ""@angular/cli"": ""~18.2.0"",     ""@angular/compiler-cli"": ""~18.2.0"",     ""@angular/language-service"": ""~18.2.0"",     ""@nx/eslint"": ""19.6.0"",     ""@nx/eslint-plugin"": ""19.6.0"",     ""@nx/jest"": ""19.6.0"",     ""@nx/js"": ""19.6.0"",     ""@nx/workspace"": ""19.6.0"",     ""@schematics/angular"": ""~18.2.0"",     ""@swc-node/register"": ""~1.9.1"",     ""@swc/core"": ""~1.5.7"",     ""@swc/helpers"": ""~0.5.11"",     ""@types/jest"": ""^29.5.12"",     ""@types/node"": ""18.16.9"",     ""@typescript-eslint/eslint-plugin"": ""^7.16.0"",     ""@typescript-eslint/parser"": ""^7.16.0"",     ""@typescript-eslint/utils"": ""^7.16.0"",     ""eslint"": ""~8.57.0"",     ""eslint-config-prettier"": ""^9.0.0"",     ""jest"": ""^29.7.0"",     ""jest-environment-jsdom"": ""^29.7.0"",     ""jest-preset-angular"": ""~14.1.0"",     ""nx"": ""19.6.0"",     ""prettier"": ""^2.6.2"",     ""ts-jest"": ""^29.1.0"",     ""ts-node"": ""10.9.1"",     ""typescript"": ""~5.5.2""   } }",MaxSizeText
ParentAccountRelationType,"Connection type - ""Parent account""","",Lookup
PartnershipDueDate,ƒата завершени€ партнерства,"",Date
PasswordChangeReminding,"Reminder about password change, days","",Integer
PasswordHistoryRecordCount,Quantity of analyzed passwords,"",Integer
PeriodActualizeBulkEmailRecipients," ак часто актуализировать отклики в рассылках, ч","",Integer
PeriodStartSendSMS,Period for sending text messages (SMS),"0/30 * * * * ?",ShortText
PeriodStartSendSMSMin,"Period for sending text messages (SMS), minutes","",Integer
PharmaPackageUrl,Url-адрес хранилища пакета Pharma,"",Text
PortalCaseOriginDef,ѕроисхождение обращени€ на портале по умолчанию,"",Lookup
PortalInvitationEmailTemplate,SSP invite template,"",Lookup
PortalRecoveryPasswordEmailTemplate,Password reset email template for portal user,"",Lookup
PortalRegistrationEmailTemplate,Confirmation email template for portal user registration,"",Lookup
PortalSiteUrl,Portal hostname,"",MediumText
PreparingToSendTimeoutPeriod,"ƒопустимое врем€ пребывани€ рассылки в состо€нии ""√отовитс€ к отправке"" (минуты)","",Integer
PreventDuplicatesSending,ѕредотвращать отправку писем получател€м с одинаковым email адресом.,"",Boolean
PriceWithTaxes,Price includes taxes,"",Boolean
PrimaryCommunicationSelection,¬ыбор основного средства св€зи контакта,"",Boolean
PrimaryCulture, ультура по умолчанию,"",Lookup
PrimaryCulture, ультура по умолчанию,"",Lookup
PrimaryCurrency,Base currency,"",Lookup
ProblemCodeMask,ћаска номера проблемы,PR_{0},MediumText
ProblemLastNumber,“екущий номер проблемы,"",Integer
ProblemPriorityDef,ѕриоритет проблемы по умолчанию,"",Lookup
ProblemStatusDef,—осто€ние проблемы по умолчанию,"",Lookup
ProcessLogArchiveDataExpirationTerm,Archive data expiration term (days),"",Integer
ProcessLogArchivingPeriod,Process log archiving period (days),"",Integer
ProcessLogArchivingRecordsCount,SysProcessLog archiving records count,"",Integer
ProcessMaintenanceJobFrequencyMinutes,Frequency of running operations for process log maintenance (minutes),"",Integer
ProcessMaintenanceJobTimeout,Maximum time for the process log maintenance execution (minutes),"",Integer
ProcessTempDataCleanupJobEnabled,¬ключить периодическую очистку таблиц временных данных Ѕѕ,,Boolean
ProcessTempDataCleanupJobFrequencyMinutes,„астота очистки таблиц временных данных Ѕѕ в минутах,"",Integer
ProductEdition,Product version,SalesEnterprise_Marketing_ServiceEnterprise,MediumText
ProductName,Product name,BPMSoft,MediumText
ProjectStateDef,—осто€ние проекта по умолчанию,"",Lookup
QueryJoinRightLevel,Joined objects administering,"",Integer
QueryJoinRightLevel,Joined objects administering,"",Integer
QueuesUpdateInterval,»нтервал обновлени€ очередей единого окна,"",Integer
ReadDataChunkSize,Read data chunk size,"",Integer
RecentEntityCount,Maximum number of last used objects,"",Integer
RedirectUnsuscribersTo,—айт дл€ перенаправлени€ отписавшихс€,"",LongText
ReleaseCodeMask,ћаска номера релиза,{0},MediumText
ReleaseLastNumber,“екущий номер релиза,"",Integer
ReleasePriorityDef,«начени€ приоритета релиза по умолчанию,"",Lookup
ReleaseStatusDef,—осто€ние релиза по умолчанию,"",Lookup
ReleaseTypeDef,“ип релиза по умолчанию,"",Lookup
RemindingsCheckInterval,Notification monitor,"",Integer
RemoveProcessParameterInfo,”дал€ть ParameterInfo,,Boolean
ReportDecimalSeparator,Decimal symbol in Word printables,"",ShortText
RequestsCachingOptions,RequestsCachingOptions,"",MaxSizeText
RequestsCachingTtl,RequestsCachingTtl,"",Integer
RuMapCartographicServiceKey, люч к картографическому сервису RuMap,,SecureText
RunAgeActualizationDaily,Enable automatic daily update of the contact ages,"",Boolean
RunMobileSyncInService,Use separate service for mobile data synchronization,"",Boolean
RunProcessesInBackgroundOnFileImport,RunProcessInBackgroundOnFileImport,"",Boolean
S3FilePartSize,S3FilePartSize ,,Integer
SalesDashboardPrefix,SalesDashboardPrefix,Sales: ,Text
SalesDashboardsWithPrefix,SalesDashboardsWithPrefix,"'E2895654-6CE4-4EF8-A126-5F75F49D9073','C5BCB884-0543-4305-B394-730F0E88380D','04F34100-E082-449C-94FB-10F75031FAE6','222A5FB8-B4DA-4DA5-B217-EE4B268DA944'",Text
SaveAFKChatJob,SaveAFKChatJob,"",Integer
SaveEmailRecipientMacros,—охран€ть значени€ макросов получателей перед отправкой,"",Boolean
SaveWordReportAsRecordAttachment,Save Word printables as attachments,"",Boolean
SchedulerDisplayTimingStart,Calendar start time,"",Integer
SchedulerDisplayTimingStart,Calendar start time,"",Integer
SchedulerItemsAmountPerPage,Records number on the calendar page,"",Integer
SchedulerTimingEnd,Calendar end date,"",Integer
SchedulerTimingEnd,Calendar end date,"",Integer
SchedulerTimingStart,Calendar start date,"",Integer
SchedulerTimingStart,Calendar start date,"",Integer
SchemaNamePrefix,Prefix for object name,Usr,ShortText
ScoringRulesSyncTime,Scoring rules daily sync time,"",DateTime
ScriptTemplate,Auto-generated script template on the landing page,"<div style=""font-family: &quot;Courier New&quot;, monospace; font-size: 10pt;"">&lt;script&nbsp;src=&quot;https://ajax.googleapis.com/ajax/libs/jquery/1.11.2/jquery.min.js&quot;&gt;&lt;/script&gt;<br>&lt;script&nbsp;src=&quot;https://webtracking-v01.bpmcrm.com/JS/track-cookies.js&quot;&gt;&lt;/script&gt;<br>&lt;script&nbsp;src=##apiUrl##&gt;&lt;/script&gt;<br>&lt;script&gt;<br>/**<br>*&nbsp;Replace&nbsp;the&nbsp;&quot;<span style=""color: #0c0cec;"">css-selector</span>&quot;&nbsp;placeholders&nbsp;in&nbsp;the&nbsp;code&nbsp;below&nbsp;with&nbsp;the&nbsp;element&nbsp;selectors&nbsp;on&nbsp;your&nbsp;landing&nbsp;page.<br>*&nbsp;You&nbsp;can&nbsp;use&nbsp;#id&nbsp;or&nbsp;any&nbsp;other&nbsp;CSS&nbsp;selector&nbsp;that&nbsp;will&nbsp;define&nbsp;the&nbsp;input&nbsp;field&nbsp;explicitly.<br>*&nbsp;Example:&nbsp;&quot;Email&quot;:&nbsp;&quot;#MyEmailField&quot;.<br>*&nbsp;If&nbsp;you&nbsp;don&#39;t&nbsp;have&nbsp;a&nbsp;field&nbsp;from&nbsp;the&nbsp;list&nbsp;below&nbsp;placed&nbsp;on&nbsp;your&nbsp;landing,&nbsp;leave&nbsp;the&nbsp;placeholder&nbsp;or&nbsp;remove&nbsp;the&nbsp;line.<br>*/<br>var&nbsp;config&nbsp;=&nbsp;{<br>&nbsp;&nbsp;&nbsp;&nbsp;fields:&nbsp;{<br>&nbsp;&nbsp;&nbsp;&nbsp;&nbsp;&nbsp;&nbsp;&nbsp;&quot;Name&quot;:&nbsp;&quot;<span style=""color: #0c0cec;"">css-selector</span>&quot;,&nbsp;//&nbsp;Name&nbsp;of&nbsp;a&nbsp;visitor,&nbsp;submitting&nbsp;the&nbsp;page<br>&nbsp;&nbsp;&nbsp;&nbsp;&nbsp;&nbsp;&nbsp;&nbsp;&quot;Email&quot;:&nbsp;&quot;<span style=""color: #0c0cec;"">css-selector</span>&quot;,&nbsp;//&nbsp;Visitor&#39;s&nbsp;email<br>&nbsp;&nbsp;&nbsp;&nbsp;&nbsp;&nbsp;&nbsp;&nbsp;&quot;Zip&quot;:&nbsp;&quot;<span style=""color: #0c0cec;"">css-selector</span>&quot;,&nbsp;//&nbsp;Visitor&#39;s&nbsp;ZIP&nbsp;code<br>&nbsp;&nbsp;&nbsp;&nbsp;&nbsp;&nbsp;&nbsp;&nbsp;&quot;MobilePhone&quot;:&nbsp;&quot;<span style=""color: #0c0cec;"">css-selector</span>&quot;,&nbsp;//&nbsp;Visitor&#39;s&nbsp;phone&nbsp;number<br>&nbsp;&nbsp;&nbsp;&nbsp;&nbsp;&nbsp;&nbsp;&nbsp;&quot;Company&quot;:&nbsp;&quot;<span style=""color: #0c0cec;"">css-selector</span>&quot;,&nbsp;//&nbsp;Name&nbsp;of&nbsp;a&nbsp;company&nbsp;(for&nbsp;business&nbsp;landing&nbsp;pages)<br>&nbsp;&nbsp;&nbsp;&nbsp;&nbsp;&nbsp;&nbsp;&nbsp;&quot;Industry&quot;:&nbsp;&quot;<span style=""color: #0c0cec;"">css-selector</span>&quot;,&nbsp;//&nbsp;Company&nbsp;industry&nbsp;(for&nbsp;business&nbsp;landing&nbsp;pages)<br>&nbsp;&nbsp;&nbsp;&nbsp;&nbsp;&nbsp;&nbsp;&nbsp;&quot;FullJobTitle&quot;:&nbsp;&quot;<span style=""color: #0c0cec;"">css-selector</span>&quot;,&nbsp;//&nbsp;Visitor&#39;s&nbsp;job&nbsp;title&nbsp;(for&nbsp;business&nbsp;landing&nbsp;pages)<br>&nbsp;&nbsp;&nbsp;&nbsp;&nbsp;&nbsp;&nbsp;&nbsp;&quot;UseEmail&quot;:&nbsp;&quot;<span style=""color: #0c0cec;"">css-selector</span>&quot;,&nbsp;//&nbsp;Logical&nbsp;value:&nbsp;&#39;true&#39;&nbsp;equals&nbsp;to&nbsp;visitor&#39;s&nbsp;opt-in&nbsp;to&nbsp;receive&nbsp;emails<br>&nbsp;&nbsp;&nbsp;&nbsp;&nbsp;&nbsp;&nbsp;&nbsp;&quot;City&quot;:&nbsp;&quot;<span style=""color: #0c0cec;"">css-selector</span>&quot;,&nbsp;//&nbsp;City<br>&nbsp;&nbsp;&nbsp;&nbsp;&nbsp;&nbsp;&nbsp;&nbsp;&quot;Country&quot;:&nbsp;&quot;<span style=""color: #0c0cec;"">css-selector</span>&quot;,&nbsp;//&nbsp;Country<br>&nbsp;&nbsp;&nbsp;&nbsp;&nbsp;&nbsp;&nbsp;&nbsp;&quot;Commentary&quot;:&nbsp;&quot;<span style=""color: #0c0cec;"">css-selector</span>&quot;##customColumnsComma##&nbsp;//&nbsp;Notes##customColumns##<br>&nbsp;&nbsp;&nbsp;&nbsp;},<br>&nbsp;&nbsp;&nbsp;&nbsp;landingId:&nbsp;##landingId##,<br>&nbsp;&nbsp;&nbsp;&nbsp;serviceUrl:&nbsp;##serviceUrl##,<br>&nbsp;&nbsp;&nbsp;&nbsp;redirectUrl:&nbsp;##redirectUrl##<br>};<br>/**<br>*&nbsp;The&nbsp;function&nbsp;below&nbsp;creates&nbsp;a&nbsp;lead&nbsp;from&nbsp;the&nbsp;submitted&nbsp;data.<br>*&nbsp;Bind&nbsp;this&nbsp;function&nbsp;call&nbsp;to&nbsp;the&nbsp;&quot;onSubmit&quot;&nbsp;event&nbsp;of&nbsp;the&nbsp;form&nbsp;or&nbsp;any&nbsp;other&nbsp;elements&nbsp;events.<br>*&nbsp;Example:&nbsp;&lt;form&nbsp;class=&quot;mainForm&quot;&nbsp;name=&quot;landingForm&quot;&nbsp;onSubmit=&quot;createLead();&nbsp;return&nbsp;false&quot;&gt;<br>*/<br>function&nbsp;createLead()&nbsp;{<br>&nbsp;&nbsp;&nbsp;&nbsp;landing.createLeadFromLanding(config)<br>}<br>&lt;/script&gt;</div>",LongText
SearchInFacebookURL,ѕоиск в Facebook URL,https://www.facebook.com/search/people/?q=,LongText
SearchInGoogleURL,ѕоиск в Google URL,https://www.google.com/search?q=,LongText
SearchInLinkedInURL,ѕоиск в LinkedIn URL,https://www.linkedin.com/search/results/all/?keywords=,LongText
SearchNumberLength,Number of digits for search,"",Integer
SecondReevaluationWaitingDays, оличество дней ожидани€ после повторного запроса оценки,"",Integer
SecondSupportLine,"2-€ лини€ поддержки","",Lookup
SectionPanelBackgroundColor,Section panel background,#ffffff,ShortText
SectionPanelFontColor,Text in section panel,#1f5b75,ShortText
SectionPanelSelectedBackgroundColor,Selected section background,#ff7600,ShortText
SectionPanelSelectedFontColor,Text in selected section,#182438,ShortText
SendAllExchangeAppointmentNotifications,Send notifications about Exchange meetings changes,"",Boolean
SendCloseNotification,SendCloseNotification,"",Boolean
SendEmailToCaseStatusChangedAutoStart,"јвтоматический запуск процесса ""ќтправка email сообщени€ контакту о смене состо€ни€ обращени€ ""","",Boolean
SendEmailToCaseStatusChangedAutoStart,"јвтоматический запуск процесса ""ќтправка email сообщени€ контакту о смене состо€ни€ обращени€ ""","",Boolean
SendingInProgressTimeoutPeriod,"ƒопустимое врем€ пребывани€ рассылки в состо€нии ""»дет отправка"" (минуты)","",Integer
SendVisaEmail,Send email message if approval is required,"",Boolean
ServiceItemStatusDef,—осто€ние сервиса по умолчанию,"",Lookup
ServicePactCodeMask,ћаска кода сервисного договора,{0},ShortText
ServicePactLastNumber,“екущий номер сервисного договора,"",Integer
ServicePactStatusDef,—татус сервисного договора по умолчанию,"",Lookup
ServicePactTypeDef,“ип сервисного договора по умолчанию,"",Lookup
ServiceUrl,Landing pages data collection service URL,"",LongText
ShowBrowserPopupWindowToolbars,Display pop-up window message,"",Boolean
ShowChangeStageConfirmDialog,Display message when the status/stage is changed in the workflow bar,"",Boolean
ShowConfigurationVersion,Show Configuration Version,"",Boolean
ShowDemoLinks,Display demo links,"",Boolean
ShowDemoLinks,Display demo links,"",Boolean
ShowEditPageNavigationButtons,Display navigation buttons in edit card,"",Boolean
ShowMobileLocalNotifications,Show local notifications on mobile device,"",Boolean
ShowOpenIDConnectLogin,Show OIDC provider login action,"",Boolean
ShowPreview,Show an image preview on the УFiles and attachmentsФ detail,"",Boolean
ShowUnsupportedBrowser,Displaying on the login page notification about browsers that are not supported.,"",Boolean
ShowWidgetOnIntroPage,Show widget on intro page,"",Boolean
ShowWidgetOnLoginPage,Show widget on login page,"",Boolean
SimultaneousChats,Simultaneous Chats,"",Integer
SiteUrl,Website URL,bpm.cti.ru,MediumText
SMSSendEndTime,Time to end sending text messages (SMS),"",DateTime
SMSSendStartTime,Time to start sending text messages (SMS),"",DateTime
SmtpEnableSsl,Use SSL,"",Boolean
SmtpHost,SMTP server name or IP,"",LongText
SmtpLogin,Smtp Login,"",ShortText
SmtpPort,SMTP server port,"",Integer
SmtpUserName,SMTP server login,"",LongText
SmtpUserPassword,SMTP server password,"",LongText
SocialAccountServiceUrl,Social account service URL,"",MediumText
SocialReceiverServiceUrl,Social receiver service URL,"",MediumText
SSPLogoImage,SSP Logo,"",Binary
SSPMainPage,Portal start page,"",Lookup
SSPRegistrationMailbox,SSP registration mail box,"",Lookup
SSPUserLicPackage,Licensed solution for portal users,"",Lookup
StartHandleWebHookProcessAt,Time to start parsing bulkemail responses,"",DateTime
StartOppBusinessProcess,«апускать процесс продажи,"",Boolean
StopHandleWebHookProcessAt,Time to stop parsing bulk email responses,"",DateTime
StringColumnSearchComparisonType,String columns filter,"",Integer
StringColumnSearchMinCharCount,Minimum characters necessary to filter list,"",Integer
StructureExplorerAggColumnEditPageSchemaUId,Base card page - Aggregate column,"",Lookup
StructureExplorerColumnEditPageSchemaUId,Base column card page,"",Lookup
SupplyPaymentElementCodeMask,ћаска номера элемента графика поставок и оплат,{0},LongText
SupplyPaymentElementLastNumber,“екущий номер элемента графика поставок и оплат,"",Integer
SupportEmailDef,Emails to connect our technical support,support@omnichannel.ru,ShortText
SupportServiceEmail,E-mail службы поддержки,"",MediumText
SupportServiceEmail,E-mail службы поддержки,servicedesk@cti.ru,MediumText
SyncAppStructureOnce,Synchronize mobile application structure once,"",Boolean
SyncMemoryLimitToDeallocate,Memory limit for deallocation,"",Float
SysMsgFinesseDefaulNotReadyReasonCode,Code for default reason for the NOT_READY status (Finesse),"7",ShortText
SysMsgLib,Default messages exchange library,"",Lookup
SysMsgLib,Default messages exchange library,"",Lookup
SysMsgServerNode,Message exchange server,ws://your_msg_serverName:2013,ShortText
SysMsgServerNode,Message exchange server,"",ShortText
SysPrcPersistentStoreCleanupCountRows, оличество очищаемых записей таблицы SysPrcPersistentStore,"",Integer
SystemEmailIgnoreUnsubscribeFromAllMailings,"¬ключение опции ""—истемна€ рассылка""","",Boolean
SystemUser,System operations user,"",Lookup
TelephonyServerTimeZone,„асовой по€с сервера дл€ получени€ записи звонка,,Lookup
TemplateAngularHtml,Angular Html File Template,<div>«десь будет ваш код</div>,MaxSizeText
TemplateAngularScss,Angular Scss File Template,// «десь будет ваш код,MaxSizeText
TemplateAngularTs,Angular Ts File Template,"import { Component } from '@angular/core'; @Component({     selector: 'app-root',     templateUrl: './app.component.html',     styleUrls: ['./app.component.scss'],     imports: [],     standalone: true, }) export class AppComponent {     title = 'test-app-component'; }",MaxSizeText
TemplateAngularTsComponent,Angular Ts file template (Component),"import { Component, OnInit } from ""@angular/core""; import { BaseComponent } from ""apps/render-app/src/components/base/base.component"";  @Component({     selector: ""app-root"",     standalone: true,     imports: [],     templateUrl: ""./app.component.html"",     styleUrls: [""./app.component.scss""] }) export class AppComponent extends BaseComponent implements OnInit {      public ngOnInit() {         this.initBaseEntityService();     }  }",MaxSizeText
TestSendingBulkEmailContact, онтакт получател€ дл€ тестовой отправки Email,"",Lookup
TextParsingService,Text parsing cloud service,"",MediumText
TotpResetPasswordTokenTtl,TOTP Reset Password Token Ttl,"",Integer
TotpSetupTokenTtl,TOTP Setup Token Ttl,"",Integer
TrackingReceiverUrl,TrackingReceiverUrl,"",MediumText
TrackingReportUrl,TrackingReportUrl,"",MediumText
TrackingTenantUrl,TrackingTenantUrl,"",MediumText
TranslationActualizedOn,Translation actualization date,"",DateTime
TrialUrl,Trial version URL,,ShortText
TriggerEmailFailoverJobInterval,ѕериодичность запуска процесса доотправки триггерных рассылок (минуты),"",Integer
TrirdSupportLine,"3-€ лини€ поддержки","",Lookup
UISCallEndTimeShift,UIS: ¬ременной сдвиг дл€ даты завершени€ звонка (ћинуты),,Integer
UISCallRecordLogin,UIS: Ћогин дл€ получени€ записи звонка,,SecureText
UISCallRecordPassword,UIS: ѕароль дл€ получени€ записи звонка,,SecureText
UISCallRecordToken,UIS: “окен дл€ получени€ записи звонка,,SecureText
UISCallStartTimeShift,UIS: ¬ременной сдвиг дл€ даты начала звонка (ћинуты),,Integer
UnregisterComponentsCount,Count of the components to be unregistered,"",Integer
UnregisterComponentsInterval,Interval to unregister components (ms),"",Integer
UnsubscribeApplicationUrl,"¬нешний URL-адрес приложени€, используемый дл€ получени€ запросов отписки от Email-рассылок","",LongText
UnsubscribeFromAllMailings,ќтписывать пользовател€ от всех рассылок,"",Boolean
UnsubscribeLink,Html текст дл€ блока отписки,"<p><span style=""color:rgb(102, 102, 102); font-family:verdana,geneva,sans-serif; font-size:11px"">If you don't want to receive it anymore,†</span><a href=""[#Unsubscribe.URL#]"" style=""font-family: verdana, geneva, sans-serif; font-size: 11px; line-height: 16.7999992370605px;""><span style=""color:rgb(46, 108, 184)"">unsubscribe</span></a><span style=""color:rgb(102, 102, 102); font-family:verdana,geneva,sans-serif; font-size:11px"">.</span></p>",LongText
UpdateNotificationStatusChunkSize,Update notification status chunk size,"",Integer
UseAdminClientIPLog,Log client IP range management events,"",Boolean
UseAdminEntitySchemaColumnLog,Log entity schema columns access rights management events,"",Boolean
UseAdminEntitySchemaExternalServiceLog,Log external resources access rights management events,"",Boolean
UseAdminEntitySchemaLog,Log administrated entities management events,"",Boolean
UseAdminEntitySchemaOperationLog,Log entity access rights management events,"",Boolean
UseAdminEntitySchemaRecordDefRightLog,Log entity schema default records access rights management events,"",Boolean
UseAdminEntitySchemaRecordRightLog,Log entity schema records access rights management events,"",Boolean
UseAdminOperationAuditLog,Log audit log operations management events,"",Boolean
UseAdminOperationImportExport,–егистрировать событи€ управлени€ операци€ми импорта и экспорта,"",Boolean
UseAdminOperationLog,Log operation access rights management events,"",Boolean
UseAdminSettingsLog,Log system settings management events,"",Boolean
UseAdminUnitAdminLog,Log organizational structure management events,"",Boolean
UseAdminUserLog,Log users management events,"",Boolean
UseAdminUserRoleLog,Log user roles management events,"",Boolean
UseDeniedOperationLog,Log denied operations management events,"",Boolean
UseFaviconFromSysSettings,Use favicon from system settings,"",Boolean
UseGoogleSharedApplication,Use shared Google application,"",Boolean
UseGoogleTagManager,Use Google tag management system,"",Boolean
UseInexactGlobalSearch,Display search results with partial match,"",Boolean
UseLMSDocumentation,Use LMS documentation,"",Boolean
UseLMSDocumentation,Use LMS documentation,"",Boolean
UseLocalizableGlobalSearchResult,Show localized data in the global search results,"",Boolean
UseMacrosTimeZoneConversion, онвертировать даты в макросах с учетом часового по€са,"",Boolean
UseMobileCertificateAuthentication,Use authentication by certificate in mobile application,"",Boolean
UseMobileLastKnownLocation,Use last known location of user,"",Boolean
UseMobileUIV2,Use MobileUIV2,"",Boolean
UsePartnershipRight,Ќаследовать права партнерства,"",Boolean
UsePerformerCultureInUserTask,Create business process tasks in the ownerТs language,"",Boolean
UseProcessLeadManagement,»спользовать бизнес-процесс управлени€ лидом,"",Boolean
UserLockoutDuration,User locking time,"",Integer
UserNameExpireDays,User name expiration term (days),"",Integer
UserSessionTimeout,User session timeout,"",Integer
UseTheSalesReadyLeadLifecycle,»спользовать жизненный цикл готовых к продаже лидов,"",Boolean
UseUserAuthorizationLog,Log user authorization management events,"",Boolean
UseUserSessionLog,Log user sessions management events,"",Boolean
UseWarmupApp,Use application warmup,"",Boolean
UseWarmupEntities,Use object warmup,"",Boolean
UseWelcomeScreen,Use welcome window,"",Boolean
UtmCampaignDefault,«начение по умолчанию пол€ utm_campaign в Email,"",LongText
UtmContentDefault,«начение по умолчанию пол€ utm_content в Email,"",LongText
UtmMediumDefault,«начение по умолчанию пол€ utm_medium в Email,email,LongText
UtmSourceDefault,«начение по умолчанию пол€ utm_source в Email,"",LongText
UtmTermDefault,«начение по умолчанию пол€ utm_term в Email,"",LongText
VisaMailboxSettings,Mailbox for sending email with information on approval,"",Lookup
WbqjAnyVoipPackageUrl,Wbqj AnyVoip package Url,"",Text
WebhooksApplicationUrl,"¬нешний URL-адрес приложени€, используемый дл€ получени€ webhooks","",LongText
WebLeadUserName,User name for registration of leads from third-party systems,"",ShortText
WebLeadUserPassword,ѕароль пользовател€ дл€ регистрации лида из внешних ресурсов,"",SecureText
WebRTCCancelRing,WebRTC: «вук неудачного звонка,"",Binary
WebRTCInRing,WebRTC: «вук вход€щего звонка,"",Binary
WebRTCOutRing,WebRTC: «вук исход€щего звонка,"",Binary
WelcomeScreenVideoUrl,Link to start page video,https://www.youtube.com/watch?v=ZDAz9EgdZ1M&ab_channel=BPMSoft,ShortText
WorkingHoursPerDayAmount,Number of working hours in working day,"",Integer
WorkStateDef,Operating status,"",Lookup
YandexMapsDistanceMatrixRouteDetailsKey, люч яндекс  арт ћатрица рассто€ний + ƒетали маршрута,,SecureText
YandexMapsJavaScriptApiGeocoderKey, люч яндекс  арт JavaScript API + √еокодер,,SecureText
YandexMapsTilesApiKey, люч яндекс  арт Tiles API,,SecureText
